location_name,QAQC,event_year,event_name_calc,Module,Direction,Spherical_Densiometer_Tally
STRI011,-1,2011,STRI011Q,4,N,78
STRI011,-1,2011,STRI011Q,2,W,86
STRI011,-1,2011,STRI011Q,3,S,72
STRI011,-1,2011,STRI011Q,4,E,82
STRI011,-1,2011,STRI011Q,4,W,80
STRI011,-1,2011,STRI011Q,1,W,80
STRI011,-1,2011,STRI011Q,3,W,65
STRI011,-1,2011,STRI011Q,3,E,78
STRI011,-1,2011,STRI011Q,2,E,86
STRI011,-1,2011,STRI011Q,1,S,86
STRI011,-1,2011,STRI011Q,2,S,85
STRI011,-1,2011,STRI011Q,1,N,80
STRI011,-1,2011,STRI011Q,2,N,76
STRI011,-1,2011,STRI011Q,1,E,83
STRI011,-1,2011,STRI011Q,3,N,44
STRI011,-1,2011,STRI011Q,4,S,80
STRI011,0,2011,STRI011,4,S,81
STRI011,0,2011,STRI011,2,S,84
STRI011,0,2011,STRI011,3,S,61
STRI011,0,2011,STRI011,3,W,70
STRI011,0,2011,STRI011,2,W,83
STRI011,0,2011,STRI011,1,W,78
STRI011,0,2011,STRI011,1,N,77
STRI011,0,2011,STRI011,2,E,84
STRI011,0,2011,STRI011,1,E,78
STRI011,0,2011,STRI011,1,S,78
STRI011,0,2011,STRI011,4,W,81
STRI011,0,2011,STRI011,4,N,67
STRI011,0,2011,STRI011,3,E,66
STRI011,0,2011,STRI011,3,N,67
STRI011,0,2011,STRI011,2,N,82
STRI011,0,2011,STRI011,4,E,83
COWP014,-1,2012,COWP014Q,4,E,92
COWP014,-1,2012,COWP014Q,2,E,79
COWP014,-1,2012,COWP014Q,4,S,96
COWP014,-1,2012,COWP014Q,1,N,90
COWP014,-1,2012,COWP014Q,3,W,93
COWP014,-1,2012,COWP014Q,1,E,95
COWP014,-1,2012,COWP014Q,4,W,90
COWP014,-1,2012,COWP014Q,2,W,93
COWP014,-1,2012,COWP014Q,3,E,87
COWP014,-1,2012,COWP014Q,1,W,92
COWP014,-1,2012,COWP014Q,4,N,89
COWP014,-1,2012,COWP014Q,1,S,96
COWP014,-1,2012,COWP014Q,3,S,85
COWP014,-1,2012,COWP014Q,2,S,90
COWP014,-1,2012,COWP014Q,2,N,77
COWP014,-1,2012,COWP014Q,3,N,95
COWP014,0,2012,COWP014,4,E,88
COWP014,0,2012,COWP014,3,W,92
COWP014,0,2012,COWP014,2,N,88
COWP014,0,2012,COWP014,3,E,88
COWP014,0,2012,COWP014,3,N,89
COWP014,0,2012,COWP014,1,W,91
COWP014,0,2012,COWP014,2,W,89
COWP014,0,2012,COWP014,1,E,91
COWP014,0,2012,COWP014,4,N,84
COWP014,0,2012,COWP014,3,S,78
COWP014,0,2012,COWP014,4,W,94
COWP014,0,2012,COWP014,4,S,89
COWP014,0,2012,COWP014,2,S,91
COWP014,0,2012,COWP014,1,S,92
COWP014,0,2012,COWP014,1,N,88
COWP014,0,2012,COWP014,2,E,87
CHIC007,-1,2012,CHIC007Q,3,E,82
CHIC007,-1,2012,CHIC007Q,4,E,74
CHIC007,-1,2012,CHIC007Q,3,S,86
CHIC007,-1,2012,CHIC007Q,1,W,84
CHIC007,-1,2012,CHIC007Q,4,S,79
CHIC007,-1,2012,CHIC007Q,2,E,78
CHIC007,-1,2012,CHIC007Q,3,N,80
CHIC007,-1,2012,CHIC007Q,4,N,87
CHIC007,-1,2012,CHIC007Q,3,W,82
CHIC007,-1,2012,CHIC007Q,2,N,81
CHIC007,-1,2012,CHIC007Q,4,W,89
CHIC007,-1,2012,CHIC007Q,1,N,82
CHIC007,-1,2012,CHIC007Q,1,E,78
CHIC007,-1,2012,CHIC007Q,2,S,81
CHIC007,-1,2012,CHIC007Q,1,S,85
CHIC007,-1,2012,CHIC007Q,2,W,86
CHIC007,0,2012,CHIC007,2,N,78
CHIC007,0,2012,CHIC007,2,S,77
CHIC007,0,2012,CHIC007,1,E,85
CHIC007,0,2012,CHIC007,3,N,74
CHIC007,0,2012,CHIC007,2,E,73
CHIC007,0,2012,CHIC007,4,S,81
CHIC007,0,2012,CHIC007,3,S,89
CHIC007,0,2012,CHIC007,3,W,80
CHIC007,0,2012,CHIC007,1,S,85
CHIC007,0,2012,CHIC007,1,N,76
CHIC007,0,2012,CHIC007,3,E,86
CHIC007,0,2012,CHIC007,1,W,75
CHIC007,0,2012,CHIC007,2,W,88
CHIC007,0,2012,CHIC007,4,W,90
CHIC007,0,2012,CHIC007,4,N,84
CHIC007,0,2012,CHIC007,4,E,74
MACA036,-1,2014,MACA036Q,1,N,66
MACA036,-1,2014,MACA036Q,4,W,80
MACA036,-1,2014,MACA036Q,1,S,75
MACA036,-1,2014,MACA036Q,2,S,80
MACA036,-1,2014,MACA036Q,4,E,78
MACA036,-1,2014,MACA036Q,1,W,67
MACA036,-1,2014,MACA036Q,3,W,85
MACA036,-1,2014,MACA036Q,1,E,67
MACA036,-1,2014,MACA036Q,4,N,77
MACA036,-1,2014,MACA036Q,2,N,77
MACA036,-1,2014,MACA036Q,3,S,83
MACA036,-1,2014,MACA036Q,4,S,73
MACA036,-1,2014,MACA036Q,3,E,80
MACA036,-1,2014,MACA036Q,3,N,78
MACA036,-1,2014,MACA036Q,2,E,79
MACA036,-1,2014,MACA036Q,2,W,75
MACA036,0,2014,MACA036,1,E,85
MACA036,0,2014,MACA036,2,N,85
MACA036,0,2014,MACA036,4,N,84
MACA036,0,2014,MACA036,3,N,87
MACA036,0,2014,MACA036,2,S,87
MACA036,0,2014,MACA036,1,S,84
MACA036,0,2014,MACA036,1,W,84
MACA036,0,2014,MACA036,2,W,84
MACA036,0,2014,MACA036,1,N,81
MACA036,0,2014,MACA036,3,W,83
MACA036,0,2014,MACA036,4,S,78
MACA036,0,2014,MACA036,4,E,88
MACA036,0,2014,MACA036,3,E,91
MACA036,0,2014,MACA036,3,S,85
MACA036,0,2014,MACA036,2,E,88
MACA036,0,2014,MACA036,4,W,79
MACA008,-1,2016,MACA008Q,3,S,80
MACA008,-1,2016,MACA008Q,4,W,85
MACA008,-1,2016,MACA008Q,1,E,85
MACA008,-1,2016,MACA008Q,2,N,77
MACA008,-1,2016,MACA008Q,1,S,82
MACA008,-1,2016,MACA008Q,3,N,84
MACA008,-1,2016,MACA008Q,4,E,84
MACA008,-1,2016,MACA008Q,1,W,78
MACA008,-1,2016,MACA008Q,4,S,85
MACA008,-1,2016,MACA008Q,4,N,88
MACA008,-1,2016,MACA008Q,1,N,89
MACA008,-1,2016,MACA008Q,3,W,89
MACA008,-1,2016,MACA008Q,2,W,82
MACA008,-1,2016,MACA008Q,2,E,79
MACA008,-1,2016,MACA008Q,2,S,77
MACA008,-1,2016,MACA008Q,3,E,69
MACA008,0,2016,MACA008,3,W,88
MACA008,0,2016,MACA008,3,E,83
MACA008,0,2016,MACA008,2,N,78
MACA008,0,2016,MACA008,4,W,83
MACA008,0,2016,MACA008,1,S,81
MACA008,0,2016,MACA008,2,E,82
MACA008,0,2016,MACA008,1,E,88
MACA008,0,2016,MACA008,2,W,84
MACA008,0,2016,MACA008,2,S,85
MACA008,0,2016,MACA008,4,S,76
MACA008,0,2016,MACA008,1,W,79
MACA008,0,2016,MACA008,4,N,92
MACA008,0,2016,MACA008,3,N,75
MACA008,0,2016,MACA008,1,N,89
MACA008,0,2016,MACA008,4,E,87
MACA008,0,2016,MACA008,3,S,86
MACA047,-1,2015,MACA047Q,2,N,88
MACA047,-1,2015,MACA047Q,2,E,87
MACA047,-1,2015,MACA047Q,1,E,88
MACA047,-1,2015,MACA047Q,2,W,89
MACA047,-1,2015,MACA047Q,1,N,86
MACA047,-1,2015,MACA047Q,4,S,91
MACA047,-1,2015,MACA047Q,3,W,89
MACA047,-1,2015,MACA047Q,3,N,82
MACA047,-1,2015,MACA047Q,4,N,87
MACA047,-1,2015,MACA047Q,3,S,90
MACA047,-1,2015,MACA047Q,2,S,92
MACA047,-1,2015,MACA047Q,4,W,90
MACA047,-1,2015,MACA047Q,1,S,89
MACA047,-1,2015,MACA047Q,1,W,83
MACA047,-1,2015,MACA047Q,4,E,87
MACA047,-1,2015,MACA047Q,3,E,78
MACA047,0,2015,MACA047,1,S,89
MACA047,0,2015,MACA047,2,S,84
MACA047,0,2015,MACA047,3,S,89
MACA047,0,2015,MACA047,4,N,88
MACA047,0,2015,MACA047,1,E,85
MACA047,0,2015,MACA047,3,W,85
MACA047,0,2015,MACA047,4,S,85
MACA047,0,2015,MACA047,2,N,83
MACA047,0,2015,MACA047,2,W,88
MACA047,0,2015,MACA047,1,W,87
MACA047,0,2015,MACA047,4,W,89
MACA047,0,2015,MACA047,2,E,80
MACA047,0,2015,MACA047,3,E,76
MACA047,0,2015,MACA047,3,N,85
MACA047,0,2015,MACA047,1,N,87
MACA047,0,2015,MACA047,4,E,82
MACA058,0,2016,MACA058,3,S,83
MACA058,0,2016,MACA058,3,N,87
MACA058,0,2016,MACA058,1,N,84
MACA058,0,2016,MACA058,4,S,90
MACA058,0,2016,MACA058,3,E,90
MACA058,0,2016,MACA058,1,W,89
MACA058,0,2016,MACA058,4,E,89
MACA058,0,2016,MACA058,4,N,89
MACA058,0,2016,MACA058,2,S,82
MACA058,0,2016,MACA058,1,S,74
MACA058,0,2016,MACA058,3,W,92
MACA058,0,2016,MACA058,2,N,88
MACA058,0,2016,MACA058,1,E,80
MACA058,0,2016,MACA058,2,W,76
MACA058,0,2016,MACA058,4,W,85
MACA058,0,2016,MACA058,2,E,90
MACA058,-1,2016,MACA058Q,3,N,93
MACA058,-1,2016,MACA058Q,3,E,90
MACA058,-1,2016,MACA058Q,4,N,87
MACA058,-1,2016,MACA058Q,2,S,89
MACA058,-1,2016,MACA058Q,4,E,89
MACA058,-1,2016,MACA058Q,1,W,82
MACA058,-1,2016,MACA058Q,2,E,94
MACA058,-1,2016,MACA058Q,1,E,91
MACA058,-1,2016,MACA058Q,4,W,89
MACA058,-1,2016,MACA058Q,2,N,92
MACA058,-1,2016,MACA058Q,1,N,85
MACA058,-1,2016,MACA058Q,4,S,91
MACA058,-1,2016,MACA058Q,3,S,86
MACA058,-1,2016,MACA058Q,1,S,81
MACA058,-1,2016,MACA058Q,2,W,80
MACA058,-1,2016,MACA058Q,3,W,89
LOOK007,-1,2012,LOOK007Q,3,E,82
LOOK007,-1,2012,LOOK007Q,1,S,88
LOOK007,-1,2012,LOOK007Q,1,N,88
LOOK007,-1,2012,LOOK007Q,4,N,89
LOOK007,-1,2012,LOOK007Q,1,E,86
LOOK007,-1,2012,LOOK007Q,2,N,79
LOOK007,-1,2012,LOOK007Q,2,W,73
LOOK007,-1,2012,LOOK007Q,4,S,88
LOOK007,-1,2012,LOOK007Q,3,N,82
LOOK007,-1,2012,LOOK007Q,4,E,92
LOOK007,-1,2012,LOOK007Q,1,W,89
LOOK007,-1,2012,LOOK007Q,3,S,85
LOOK007,-1,2012,LOOK007Q,4,W,87
LOOK007,-1,2012,LOOK007Q,2,S,76
LOOK007,-1,2012,LOOK007Q,2,E,79
LOOK007,-1,2012,LOOK007Q,3,W,85
LOOK007,0,2012,LOOK007,4,N,81
LOOK007,0,2012,LOOK007,2,N,89
LOOK007,0,2012,LOOK007,1,S,87
LOOK007,0,2012,LOOK007,2,W,85
LOOK007,0,2012,LOOK007,3,E,89
LOOK007,0,2012,LOOK007,4,W,89
LOOK007,0,2012,LOOK007,3,W,86
LOOK007,0,2012,LOOK007,4,S,92
LOOK007,0,2012,LOOK007,2,S,81
LOOK007,0,2012,LOOK007,1,E,90
LOOK007,0,2012,LOOK007,1,N,91
LOOK007,0,2012,LOOK007,3,S,91
LOOK007,0,2012,LOOK007,2,E,88
LOOK007,0,2012,LOOK007,1,W,88
LOOK007,0,2012,LOOK007,4,E,88
LOOK007,0,2012,LOOK007,3,N,91
MACA053,0,2015,MACA053,1,W,88
MACA053,0,2015,MACA053,2,N,92
MACA053,0,2015,MACA053,3,S,85
MACA053,0,2015,MACA053,2,S,92
MACA053,0,2015,MACA053,3,E,89
MACA053,0,2015,MACA053,2,E,85
MACA053,0,2015,MACA053,4,E,88
MACA053,0,2015,MACA053,1,S,87
MACA053,0,2015,MACA053,1,N,84
MACA053,0,2015,MACA053,3,N,87
MACA053,0,2015,MACA053,4,S,86
MACA053,0,2015,MACA053,4,W,86
MACA053,0,2015,MACA053,2,W,95
MACA053,0,2015,MACA053,1,E,85
MACA053,0,2015,MACA053,3,W,90
MACA053,0,2015,MACA053,4,N,88
MACA053,-1,2015,MACA053Q,3,W,94
MACA053,-1,2015,MACA053Q,2,S,95
MACA053,-1,2015,MACA053Q,4,N,92
MACA053,-1,2015,MACA053Q,4,W,90
MACA053,-1,2015,MACA053Q,3,S,91
MACA053,-1,2015,MACA053Q,3,E,90
MACA053,-1,2015,MACA053Q,1,S,91
MACA053,-1,2015,MACA053Q,1,W,87
MACA053,-1,2015,MACA053Q,2,N,92
MACA053,-1,2015,MACA053Q,1,N,85
MACA053,-1,2015,MACA053Q,4,E,91
MACA053,-1,2015,MACA053Q,2,E,89
MACA053,-1,2015,MACA053Q,4,S,90
MACA053,-1,2015,MACA053Q,1,E,84
MACA053,-1,2015,MACA053Q,3,N,92
MACA053,-1,2015,MACA053Q,2,W,95
GUCO009,0,2011,GUCO009,3,N,84
GUCO009,0,2011,GUCO009,3,E,90
GUCO009,0,2011,GUCO009,2,E,85
GUCO009,0,2011,GUCO009,4,W,86
GUCO009,0,2011,GUCO009,1,N,89
GUCO009,0,2011,GUCO009,2,W,87
GUCO009,0,2011,GUCO009,4,E,87
GUCO009,0,2011,GUCO009,1,W,89
GUCO009,0,2011,GUCO009,2,S,90
GUCO009,0,2011,GUCO009,1,S,92
GUCO009,0,2011,GUCO009,4,S,90
GUCO009,0,2011,GUCO009,1,E,92
GUCO009,0,2011,GUCO009,2,N,85
GUCO009,0,2011,GUCO009,3,W,84
GUCO009,0,2011,GUCO009,3,S,86
GUCO009,0,2011,GUCO009,4,N,82
GUCO009,-1,2011,GUCO009Q,2,E,79
GUCO009,-1,2011,GUCO009Q,2,S,84
GUCO009,-1,2011,GUCO009Q,4,N,90
GUCO009,-1,2011,GUCO009Q,2,W,85
GUCO009,-1,2011,GUCO009Q,1,S,79
GUCO009,-1,2011,GUCO009Q,4,W,89
GUCO009,-1,2011,GUCO009Q,3,N,87
GUCO009,-1,2011,GUCO009Q,3,E,83
GUCO009,-1,2011,GUCO009Q,4,E,92
GUCO009,-1,2011,GUCO009Q,1,W,88
GUCO009,-1,2011,GUCO009Q,1,N,89
GUCO009,-1,2011,GUCO009Q,2,N,87
GUCO009,-1,2011,GUCO009Q,4,S,79
GUCO009,-1,2011,GUCO009Q,3,S,89
GUCO009,-1,2011,GUCO009Q,3,W,84
GUCO009,-1,2011,GUCO009Q,1,E,85
MACA001,-1,2016,MACA001Q,2,E,88
MACA001,-1,2016,MACA001Q,2,S,81
MACA001,-1,2016,MACA001Q,1,S,88
MACA001,-1,2016,MACA001Q,3,N,81
MACA001,-1,2016,MACA001Q,1,N,85
MACA001,-1,2016,MACA001Q,3,E,92
MACA001,-1,2016,MACA001Q,3,W,90
MACA001,-1,2016,MACA001Q,2,W,86
MACA001,-1,2016,MACA001Q,2,N,86
MACA001,-1,2016,MACA001Q,4,E,93
MACA001,-1,2016,MACA001Q,4,S,90
MACA001,-1,2016,MACA001Q,1,W,86
MACA001,-1,2016,MACA001Q,4,W,90
MACA001,-1,2016,MACA001Q,4,N,91
MACA001,-1,2016,MACA001Q,3,S,89
MACA001,-1,2016,MACA001Q,1,E,90
MACA001,0,2016,MACA001,1,S,91
MACA001,0,2016,MACA001,1,N,82
MACA001,0,2016,MACA001,4,W,89
MACA001,0,2016,MACA001,3,S,82
MACA001,0,2016,MACA001,4,S,91
MACA001,0,2016,MACA001,2,S,86
MACA001,0,2016,MACA001,2,E,91
MACA001,0,2016,MACA001,2,N,84
MACA001,0,2016,MACA001,3,W,84
MACA001,0,2016,MACA001,3,E,90
MACA001,0,2016,MACA001,1,E,88
MACA001,0,2016,MACA001,2,W,85
MACA001,0,2016,MACA001,4,E,90
MACA001,0,2016,MACA001,3,N,80
MACA001,0,2016,MACA001,4,N,87
MACA001,0,2016,MACA001,1,W,82
MACA007,0,2016,MACA007,4,S,84
MACA007,0,2016,MACA007,1,N,85
MACA007,0,2016,MACA007,4,N,88
MACA007,0,2016,MACA007,1,S,87
MACA007,0,2016,MACA007,4,W,92
MACA007,0,2016,MACA007,1,E,85
MACA007,0,2016,MACA007,2,E,88
MACA007,0,2016,MACA007,3,N,90
MACA007,0,2016,MACA007,2,N,90
MACA007,0,2016,MACA007,1,W,85
MACA007,0,2016,MACA007,3,S,91
MACA007,0,2016,MACA007,3,E,92
MACA007,0,2016,MACA007,3,W,83
MACA007,0,2016,MACA007,4,E,92
MACA007,0,2016,MACA007,2,S,89
MACA007,0,2016,MACA007,2,W,86
MACA007,-1,2016,MACA007Q,1,S,76
MACA007,-1,2016,MACA007Q,4,W,86
MACA007,-1,2016,MACA007Q,2,E,79
MACA007,-1,2016,MACA007Q,4,E,88
MACA007,-1,2016,MACA007Q,4,N,87
MACA007,-1,2016,MACA007Q,3,W,82
MACA007,-1,2016,MACA007Q,2,S,85
MACA007,-1,2016,MACA007Q,1,E,80
MACA007,-1,2016,MACA007Q,2,N,89
MACA007,-1,2016,MACA007Q,3,N,83
MACA007,-1,2016,MACA007Q,1,N,78
MACA007,-1,2016,MACA007Q,3,S,92
MACA007,-1,2016,MACA007Q,4,S,84
MACA007,-1,2016,MACA007Q,3,E,85
MACA007,-1,2016,MACA007Q,2,W,81
MACA007,-1,2016,MACA007Q,1,W,73
CHIC005,-1,2011,CHIC005Q,4,N,78
CHIC005,-1,2011,CHIC005Q,4,W,80
CHIC005,-1,2011,CHIC005Q,3,E,83
CHIC005,-1,2011,CHIC005Q,1,E,73
CHIC005,-1,2011,CHIC005Q,4,E,84
CHIC005,-1,2011,CHIC005Q,2,W,72
CHIC005,-1,2011,CHIC005Q,1,W,77
CHIC005,-1,2011,CHIC005Q,3,S,83
CHIC005,-1,2011,CHIC005Q,2,N,73
CHIC005,-1,2011,CHIC005Q,2,E,77
CHIC005,-1,2011,CHIC005Q,2,S,79
CHIC005,-1,2011,CHIC005Q,1,S,72
CHIC005,-1,2011,CHIC005Q,4,S,79
CHIC005,-1,2011,CHIC005Q,3,N,87
CHIC005,-1,2011,CHIC005Q,3,W,74
CHIC005,-1,2011,CHIC005Q,1,N,72
CHIC005,0,2011,CHIC005,2,E,68
CHIC005,0,2011,CHIC005,1,W,74
CHIC005,0,2011,CHIC005,1,N,74
CHIC005,0,2011,CHIC005,1,S,80
CHIC005,0,2011,CHIC005,4,N,76
CHIC005,0,2011,CHIC005,4,W,78
CHIC005,0,2011,CHIC005,3,S,79
CHIC005,0,2011,CHIC005,3,E,80
CHIC005,0,2011,CHIC005,2,N,65
CHIC005,0,2011,CHIC005,4,E,81
CHIC005,0,2011,CHIC005,1,E,81
CHIC005,0,2011,CHIC005,3,W,71
CHIC005,0,2011,CHIC005,2,W,61
CHIC005,0,2011,CHIC005,4,S,84
CHIC005,0,2011,CHIC005,2,S,74
CHIC005,0,2011,CHIC005,3,N,89
MACA037,-1,2014,MACA037Q,1,S,92
MACA037,-1,2014,MACA037Q,4,W,87
MACA037,-1,2014,MACA037Q,4,E,91
MACA037,-1,2014,MACA037Q,1,N,86
MACA037,-1,2014,MACA037Q,2,N,90
MACA037,-1,2014,MACA037Q,1,E,91
MACA037,-1,2014,MACA037Q,4,S,85
MACA037,-1,2014,MACA037Q,4,N,88
MACA037,-1,2014,MACA037Q,1,W,91
MACA037,-1,2014,MACA037Q,3,N,89
MACA037,-1,2014,MACA037Q,3,W,87
MACA037,-1,2014,MACA037Q,2,W,91
MACA037,-1,2014,MACA037Q,2,E,92
MACA037,-1,2014,MACA037Q,3,E,90
MACA037,-1,2014,MACA037Q,3,S,84
MACA037,-1,2014,MACA037Q,2,S,90
MACA037,0,2014,MACA037,1,E,88
MACA037,0,2014,MACA037,1,S,86
MACA037,0,2014,MACA037,1,W,89
MACA037,0,2014,MACA037,3,W,91
MACA037,0,2014,MACA037,3,E,78
MACA037,0,2014,MACA037,4,W,89
MACA037,0,2014,MACA037,1,N,84
MACA037,0,2014,MACA037,2,W,91
MACA037,0,2014,MACA037,3,N,82
MACA037,0,2014,MACA037,2,N,84
MACA037,0,2014,MACA037,4,E,90
MACA037,0,2014,MACA037,2,E,84
MACA037,0,2014,MACA037,2,S,87
MACA037,0,2014,MACA037,3,S,82
MACA037,0,2014,MACA037,4,N,88
MACA037,0,2014,MACA037,4,S,82
KIMO011,0,2012,KIMO011,3,W,81
KIMO011,0,2012,KIMO011,3,S,67
KIMO011,0,2012,KIMO011,2,S,62
KIMO011,0,2012,KIMO011,4,S,69
KIMO011,0,2012,KIMO011,1,E,85
KIMO011,0,2012,KIMO011,2,N,75
KIMO011,0,2012,KIMO011,3,E,67
KIMO011,0,2012,KIMO011,2,E,67
KIMO011,0,2012,KIMO011,1,N,79
KIMO011,0,2012,KIMO011,4,W,83
KIMO011,0,2012,KIMO011,4,E,73
KIMO011,0,2012,KIMO011,4,N,73
KIMO011,0,2012,KIMO011,2,W,72
KIMO011,0,2012,KIMO011,1,S,69
KIMO011,0,2012,KIMO011,1,W,88
KIMO011,0,2012,KIMO011,3,N,72
KIMO011,-1,2012,KIMO011Q,1,S,58
KIMO011,-1,2012,KIMO011Q,3,S,77
KIMO011,-1,2012,KIMO011Q,1,W,71
KIMO011,-1,2012,KIMO011Q,1,N,80
KIMO011,-1,2012,KIMO011Q,4,E,88
KIMO011,-1,2012,KIMO011Q,3,W,84
KIMO011,-1,2012,KIMO011Q,3,N,78
KIMO011,-1,2012,KIMO011Q,2,W,70
KIMO011,-1,2012,KIMO011Q,2,S,60
KIMO011,-1,2012,KIMO011Q,2,N,65
KIMO011,-1,2012,KIMO011Q,3,E,75
KIMO011,-1,2012,KIMO011Q,2,E,70
KIMO011,-1,2012,KIMO011Q,4,N,93
KIMO011,-1,2012,KIMO011Q,4,W,86
KIMO011,-1,2012,KIMO011Q,4,S,94
KIMO011,-1,2012,KIMO011Q,1,E,72
CHIC002,0,2016,CHIC002,1,W,83
CHIC002,0,2016,CHIC002,2,W,91
CHIC002,0,2016,CHIC002,2,E,90
CHIC002,0,2016,CHIC002,2,N,91
CHIC002,0,2016,CHIC002,2,S,92
CHIC002,0,2016,CHIC002,3,S,85
CHIC002,0,2016,CHIC002,3,W,85
CHIC002,0,2016,CHIC002,1,S,82
CHIC002,0,2016,CHIC002,3,N,91
CHIC002,0,2016,CHIC002,4,E,90
CHIC002,0,2016,CHIC002,4,N,90
CHIC002,0,2016,CHIC002,4,W,92
CHIC002,0,2016,CHIC002,1,E,84
CHIC002,0,2016,CHIC002,4,S,94
CHIC002,0,2016,CHIC002,1,N,80
CHIC002,0,2016,CHIC002,3,E,90
CHIC002,-1,2016,CHIC002Q,3,N,92
CHIC002,-1,2016,CHIC002Q,1,S,81
CHIC002,-1,2016,CHIC002Q,4,S,95
CHIC002,-1,2016,CHIC002Q,2,W,91
CHIC002,-1,2016,CHIC002Q,2,E,92
CHIC002,-1,2016,CHIC002Q,4,N,92
CHIC002,-1,2016,CHIC002Q,4,E,87
CHIC002,-1,2016,CHIC002Q,3,W,83
CHIC002,-1,2016,CHIC002Q,4,W,91
CHIC002,-1,2016,CHIC002Q,2,S,88
CHIC002,-1,2016,CHIC002Q,3,S,88
CHIC002,-1,2016,CHIC002Q,1,W,81
CHIC002,-1,2016,CHIC002Q,2,N,90
CHIC002,-1,2016,CHIC002Q,1,N,86
CHIC002,-1,2016,CHIC002Q,1,E,87
CHIC002,-1,2016,CHIC002Q,3,E,89
STRI008,-1,2011,STRI008Q,4,N,43
STRI008,-1,2011,STRI008Q,1,E,78
STRI008,-1,2011,STRI008Q,1,N,54
STRI008,-1,2011,STRI008Q,2,W,80
STRI008,-1,2011,STRI008Q,2,N,60
STRI008,-1,2011,STRI008Q,4,W,74
STRI008,-1,2011,STRI008Q,2,S,86
STRI008,-1,2011,STRI008Q,1,S,63
STRI008,-1,2011,STRI008Q,3,E,46
STRI008,-1,2011,STRI008Q,3,S,45
STRI008,-1,2011,STRI008Q,3,W,43
STRI008,-1,2011,STRI008Q,3,N,42
STRI008,-1,2011,STRI008Q,2,E,80
STRI008,-1,2011,STRI008Q,4,S,82
STRI008,-1,2011,STRI008Q,4,E,74
STRI008,-1,2011,STRI008Q,1,W,70
STRI008,0,2011,STRI008,3,W,76
STRI008,0,2011,STRI008,1,E,68
STRI008,0,2011,STRI008,4,W,90
STRI008,0,2011,STRI008,1,N,73
STRI008,0,2011,STRI008,2,E,88
STRI008,0,2011,STRI008,3,N,74
STRI008,0,2011,STRI008,3,S,64
STRI008,0,2011,STRI008,4,S,91
STRI008,0,2011,STRI008,1,S,68
STRI008,0,2011,STRI008,2,S,90
STRI008,0,2011,STRI008,4,N,60
STRI008,0,2011,STRI008,3,E,66
STRI008,0,2011,STRI008,2,W,88
STRI008,0,2011,STRI008,2,N,79
STRI008,0,2011,STRI008,1,W,77
STRI008,0,2011,STRI008,4,E,71
COWP019,0,2012,COWP019,2,W,87
COWP019,0,2012,COWP019,4,N,75
COWP019,0,2012,COWP019,3,S,75
COWP019,0,2012,COWP019,4,W,72
COWP019,0,2012,COWP019,4,S,81
COWP019,0,2012,COWP019,3,E,78
COWP019,0,2012,COWP019,1,W,81
COWP019,0,2012,COWP019,3,W,78
COWP019,0,2012,COWP019,2,N,73
COWP019,0,2012,COWP019,2,S,79
COWP019,0,2012,COWP019,1,E,78
COWP019,0,2012,COWP019,1,S,68
COWP019,0,2012,COWP019,4,E,89
COWP019,0,2012,COWP019,2,E,83
COWP019,0,2012,COWP019,3,N,69
COWP019,0,2012,COWP019,1,N,78
COWP019,-1,2012,COWP019Q,1,S,76
COWP019,-1,2012,COWP019Q,4,S,92
COWP019,-1,2012,COWP019Q,2,S,86
COWP019,-1,2012,COWP019Q,4,N,94
COWP019,-1,2012,COWP019Q,3,N,89
COWP019,-1,2012,COWP019Q,2,E,64
COWP019,-1,2012,COWP019Q,1,N,90
COWP019,-1,2012,COWP019Q,3,E,90
COWP019,-1,2012,COWP019Q,1,W,89
COWP019,-1,2012,COWP019Q,3,S,83
COWP019,-1,2012,COWP019Q,4,W,87
COWP019,-1,2012,COWP019Q,2,N,64
COWP019,-1,2012,COWP019Q,1,E,92
COWP019,-1,2012,COWP019Q,3,W,84
COWP019,-1,2012,COWP019Q,2,W,91
COWP019,-1,2012,COWP019Q,4,E,93
MACA031,0,2014,MACA031,1,W,69
MACA031,0,2014,MACA031,4,W,88
MACA031,0,2014,MACA031,3,N,83
MACA031,0,2014,MACA031,2,E,75
MACA031,0,2014,MACA031,2,W,78
MACA031,0,2014,MACA031,4,N,81
MACA031,0,2014,MACA031,1,E,76
MACA031,0,2014,MACA031,4,S,82
MACA031,0,2014,MACA031,2,S,77
MACA031,0,2014,MACA031,2,N,76
MACA031,0,2014,MACA031,3,S,83
MACA031,0,2014,MACA031,1,S,79
MACA031,0,2014,MACA031,1,N,71
MACA031,0,2014,MACA031,4,E,81
MACA031,0,2014,MACA031,3,E,78
MACA031,0,2014,MACA031,3,W,78
MACA031,-1,2014,MACA031Q,3,N,84
MACA031,-1,2014,MACA031Q,2,N,88
MACA031,-1,2014,MACA031Q,1,N,94
MACA031,-1,2014,MACA031Q,4,S,86
MACA031,-1,2014,MACA031Q,2,E,82
MACA031,-1,2014,MACA031Q,2,W,87
MACA031,-1,2014,MACA031Q,1,E,86
MACA031,-1,2014,MACA031Q,4,E,83
MACA031,-1,2014,MACA031Q,4,W,85
MACA031,-1,2014,MACA031Q,3,S,86
MACA031,-1,2014,MACA031Q,2,S,85
MACA031,-1,2014,MACA031Q,1,S,77
MACA031,-1,2014,MACA031Q,1,W,84
MACA031,-1,2014,MACA031Q,4,N,80
MACA031,-1,2014,MACA031Q,3,E,88
MACA031,-1,2014,MACA031Q,3,W,85
KIMO013,0,2012,KIMO013,4,N,85
KIMO013,0,2012,KIMO013,1,S,89
KIMO013,0,2012,KIMO013,2,W,91
KIMO013,0,2012,KIMO013,2,E,82
KIMO013,0,2012,KIMO013,3,W,88
KIMO013,0,2012,KIMO013,1,W,86
KIMO013,0,2012,KIMO013,4,E,88
KIMO013,0,2012,KIMO013,3,N,72
KIMO013,0,2012,KIMO013,1,E,91
KIMO013,0,2012,KIMO013,3,E,86
KIMO013,0,2012,KIMO013,3,S,80
KIMO013,0,2012,KIMO013,1,N,84
KIMO013,0,2012,KIMO013,2,S,85
KIMO013,0,2012,KIMO013,4,S,84
KIMO013,0,2012,KIMO013,2,N,86
KIMO013,0,2012,KIMO013,4,W,85
KIMO013,-1,2012,KIMO013Q,4,S,90
KIMO013,-1,2012,KIMO013Q,4,E,93
KIMO013,-1,2012,KIMO013Q,2,N,96
KIMO013,-1,2012,KIMO013Q,3,W,84
KIMO013,-1,2012,KIMO013Q,1,E,94
KIMO013,-1,2012,KIMO013Q,3,S,79
KIMO013,-1,2012,KIMO013Q,4,W,95
KIMO013,-1,2012,KIMO013Q,2,W,92
KIMO013,-1,2012,KIMO013Q,1,W,95
KIMO013,-1,2012,KIMO013Q,4,N,95
KIMO013,-1,2012,KIMO013Q,3,N,89
KIMO013,-1,2012,KIMO013Q,1,N,95
KIMO013,-1,2012,KIMO013Q,2,E,94
KIMO013,-1,2012,KIMO013Q,1,S,94
KIMO013,-1,2012,KIMO013Q,2,S,87
KIMO013,-1,2012,KIMO013Q,3,E,86
GUCO008,0,2011,GUCO008,4,S,89
GUCO008,0,2011,GUCO008,2,W,86
GUCO008,0,2011,GUCO008,1,W,85
GUCO008,0,2011,GUCO008,3,S,89
GUCO008,0,2011,GUCO008,2,N,94
GUCO008,0,2011,GUCO008,3,W,91
GUCO008,0,2011,GUCO008,2,S,88
GUCO008,0,2011,GUCO008,4,W,85
GUCO008,0,2011,GUCO008,4,E,82
GUCO008,0,2011,GUCO008,1,S,91
GUCO008,0,2011,GUCO008,1,E,89
GUCO008,0,2011,GUCO008,3,N,85
GUCO008,0,2011,GUCO008,2,E,82
GUCO008,0,2011,GUCO008,3,E,83
GUCO008,0,2011,GUCO008,1,N,87
GUCO008,0,2011,GUCO008,4,N,5
GUCO008,-1,2011,GUCO008Q,1,W,82
GUCO008,-1,2011,GUCO008Q,2,N,90
GUCO008,-1,2011,GUCO008Q,3,S,93
GUCO008,-1,2011,GUCO008Q,4,W,87
GUCO008,-1,2011,GUCO008Q,1,E,91
GUCO008,-1,2011,GUCO008Q,4,E,84
GUCO008,-1,2011,GUCO008Q,2,W,91
GUCO008,-1,2011,GUCO008Q,3,W,78
GUCO008,-1,2011,GUCO008Q,1,N,89
GUCO008,-1,2011,GUCO008Q,3,E,83
GUCO008,-1,2011,GUCO008Q,1,S,89
GUCO008,-1,2011,GUCO008Q,2,S,92
GUCO008,-1,2011,GUCO008Q,3,N,84
GUCO008,-1,2011,GUCO008Q,2,E,90
GUCO008,-1,2011,GUCO008Q,4,S,87
GUCO008,-1,2011,GUCO008Q,4,N,89
MACA023,0,2013,MACA023,1,N,92
MACA023,0,2013,MACA023,2,E,96
MACA023,0,2013,MACA023,1,S,86
MACA023,0,2013,MACA023,4,E,91
MACA023,0,2013,MACA023,4,S,94
MACA023,0,2013,MACA023,3,N,78
MACA023,0,2013,MACA023,1,W,89
MACA023,0,2013,MACA023,2,S,93
MACA023,0,2013,MACA023,3,E,84
MACA023,0,2013,MACA023,1,E,91
MACA023,0,2013,MACA023,3,S,89
MACA023,0,2013,MACA023,3,W,85
MACA023,0,2013,MACA023,2,N,94
MACA023,0,2013,MACA023,2,W,96
MACA023,0,2013,MACA023,4,W,87
MACA023,0,2013,MACA023,4,N,87
MACA023,-1,2013,MACA023Q,1,S,90
MACA023,-1,2013,MACA023Q,2,E,90
MACA023,-1,2013,MACA023Q,4,N,83
MACA023,-1,2013,MACA023Q,4,S,91
MACA023,-1,2013,MACA023Q,2,N,87
MACA023,-1,2013,MACA023Q,2,W,91
MACA023,-1,2013,MACA023Q,3,E,89
MACA023,-1,2013,MACA023Q,2,S,94
MACA023,-1,2013,MACA023Q,1,E,90
MACA023,-1,2013,MACA023Q,3,S,84
MACA023,-1,2013,MACA023Q,1,W,89
MACA023,-1,2013,MACA023Q,3,N,73
MACA023,-1,2013,MACA023Q,4,W,83
MACA023,-1,2013,MACA023Q,4,E,89
MACA023,-1,2013,MACA023Q,3,W,91
MACA023,-1,2013,MACA023Q,1,N,88
LOOK017,-1,2014,LOOK017Q,1,W,72
LOOK017,-1,2014,LOOK017Q,1,N,80
LOOK017,-1,2014,LOOK017Q,2,N,75
LOOK017,-1,2014,LOOK017Q,3,E,77
LOOK017,-1,2014,LOOK017Q,3,W,83
LOOK017,-1,2014,LOOK017Q,3,N,81
LOOK017,-1,2014,LOOK017Q,1,S,72
LOOK017,-1,2014,LOOK017Q,4,E,83
LOOK017,-1,2014,LOOK017Q,3,S,73
LOOK017,-1,2014,LOOK017Q,4,N,78
LOOK017,-1,2014,LOOK017Q,2,W,81
LOOK017,-1,2014,LOOK017Q,1,E,75
LOOK017,-1,2014,LOOK017Q,2,E,77
LOOK017,-1,2014,LOOK017Q,4,S,75
LOOK017,-1,2014,LOOK017Q,2,S,75
LOOK017,-1,2014,LOOK017Q,4,W,79
LOOK017,0,2014,LOOK017,1,S,80
LOOK017,0,2014,LOOK017,1,E,89
LOOK017,0,2014,LOOK017,2,E,91
LOOK017,0,2014,LOOK017,2,W,83
LOOK017,0,2014,LOOK017,4,W,83
LOOK017,0,2014,LOOK017,2,S,80
LOOK017,0,2014,LOOK017,4,N,89
LOOK017,0,2014,LOOK017,2,N,89
LOOK017,0,2014,LOOK017,4,E,87
LOOK017,0,2014,LOOK017,1,N,89
LOOK017,0,2014,LOOK017,3,W,87
LOOK017,0,2014,LOOK017,3,N,85
LOOK017,0,2014,LOOK017,1,W,87
LOOK017,0,2014,LOOK017,3,S,75
LOOK017,0,2014,LOOK017,3,E,87
LOOK017,0,2014,LOOK017,4,S,78
CHIC014,0,2013,CHIC014,3,N,83
CHIC014,0,2013,CHIC014,4,S,89
CHIC014,0,2013,CHIC014,2,N,91
CHIC014,0,2013,CHIC014,1,E,82
CHIC014,0,2013,CHIC014,4,W,88
CHIC014,0,2013,CHIC014,2,W,77
CHIC014,0,2013,CHIC014,1,S,75
CHIC014,0,2013,CHIC014,2,S,74
CHIC014,0,2013,CHIC014,1,N,84
CHIC014,0,2013,CHIC014,3,S,85
CHIC014,0,2013,CHIC014,2,E,76
CHIC014,0,2013,CHIC014,3,E,81
CHIC014,0,2013,CHIC014,4,E,71
CHIC014,0,2013,CHIC014,3,W,89
CHIC014,0,2013,CHIC014,1,W,92
CHIC014,0,2013,CHIC014,4,N,90
CHIC014,-1,2013,CHIC014Q,3,E,82
CHIC014,-1,2013,CHIC014Q,4,E,72
CHIC014,-1,2013,CHIC014Q,1,N,83
CHIC014,-1,2013,CHIC014Q,2,S,69
CHIC014,-1,2013,CHIC014Q,3,N,81
CHIC014,-1,2013,CHIC014Q,2,E,79
CHIC014,-1,2013,CHIC014Q,3,W,88
CHIC014,-1,2013,CHIC014Q,3,S,80
CHIC014,-1,2013,CHIC014Q,1,S,64
CHIC014,-1,2013,CHIC014Q,4,S,86
CHIC014,-1,2013,CHIC014Q,4,N,82
CHIC014,-1,2013,CHIC014Q,2,N,72
CHIC014,-1,2013,CHIC014Q,1,E,76
CHIC014,-1,2013,CHIC014Q,4,W,82
CHIC014,-1,2013,CHIC014Q,2,W,72
CHIC014,-1,2013,CHIC014Q,1,W,91
CHIC017,0,2014,CHIC017,3,W,79
CHIC017,0,2014,CHIC017,4,E,80
CHIC017,0,2014,CHIC017,2,S,65
CHIC017,0,2014,CHIC017,3,S,64
CHIC017,0,2014,CHIC017,1,S,70
CHIC017,0,2014,CHIC017,1,W,88
CHIC017,0,2014,CHIC017,3,N,90
CHIC017,0,2014,CHIC017,2,N,74
CHIC017,0,2014,CHIC017,2,W,91
CHIC017,0,2014,CHIC017,1,E,83
CHIC017,0,2014,CHIC017,1,N,84
CHIC017,0,2014,CHIC017,4,W,73
CHIC017,0,2014,CHIC017,4,N,90
CHIC017,0,2014,CHIC017,3,E,89
CHIC017,0,2014,CHIC017,4,S,85
CHIC017,0,2014,CHIC017,2,E,87
CHIC017,-1,2014,CHIC017Q,4,N,81
CHIC017,-1,2014,CHIC017Q,1,W,84
CHIC017,-1,2014,CHIC017Q,1,E,79
CHIC017,-1,2014,CHIC017Q,1,N,73
CHIC017,-1,2014,CHIC017Q,3,N,81
CHIC017,-1,2014,CHIC017Q,3,W,72
CHIC017,-1,2014,CHIC017Q,4,W,73
CHIC017,-1,2014,CHIC017Q,2,W,78
CHIC017,-1,2014,CHIC017Q,1,S,77
CHIC017,-1,2014,CHIC017Q,2,E,80
CHIC017,-1,2014,CHIC017Q,2,N,68
CHIC017,-1,2014,CHIC017Q,3,S,70
CHIC017,-1,2014,CHIC017Q,3,E,84
CHIC017,-1,2014,CHIC017Q,4,E,71
CHIC017,-1,2014,CHIC017Q,4,S,77
CHIC017,-1,2014,CHIC017Q,2,S,68
LOOK003,0,2016,LOOK003,3,E,93
LOOK003,0,2016,LOOK003,1,N,79
LOOK003,0,2016,LOOK003,3,N,87
LOOK003,0,2016,LOOK003,3,W,93
LOOK003,0,2016,LOOK003,2,S,83
LOOK003,0,2016,LOOK003,2,N,83
LOOK003,0,2016,LOOK003,4,W,81
LOOK003,0,2016,LOOK003,4,E,88
LOOK003,0,2016,LOOK003,2,E,92
LOOK003,0,2016,LOOK003,2,W,79
LOOK003,0,2016,LOOK003,1,W,80
LOOK003,0,2016,LOOK003,1,E,78
LOOK003,0,2016,LOOK003,1,S,80
LOOK003,0,2016,LOOK003,4,S,83
LOOK003,0,2016,LOOK003,4,N,84
LOOK003,0,2016,LOOK003,3,S,86
LOOK003,-1,2016,LOOK003Q,4,N,81
LOOK003,-1,2016,LOOK003Q,4,W,91
LOOK003,-1,2016,LOOK003Q,4,E,91
LOOK003,-1,2016,LOOK003Q,1,S,86
LOOK003,-1,2016,LOOK003Q,1,W,91
LOOK003,-1,2016,LOOK003Q,2,S,83
LOOK003,-1,2016,LOOK003Q,2,E,94
LOOK003,-1,2016,LOOK003Q,3,N,90
LOOK003,-1,2016,LOOK003Q,2,W,79
LOOK003,-1,2016,LOOK003Q,1,N,86
LOOK003,-1,2016,LOOK003Q,3,W,96
LOOK003,-1,2016,LOOK003Q,3,S,89
LOOK003,-1,2016,LOOK003Q,3,E,94
LOOK003,-1,2016,LOOK003Q,1,E,86
LOOK003,-1,2016,LOOK003Q,2,N,92
LOOK003,-1,2016,LOOK003Q,4,S,96
LOOK005,0,2011,LOOK005,2,N,54
LOOK005,0,2011,LOOK005,2,W,63
LOOK005,0,2011,LOOK005,1,E,89
LOOK005,0,2011,LOOK005,4,N,82
LOOK005,0,2011,LOOK005,2,S,87
LOOK005,0,2011,LOOK005,4,E,80
LOOK005,0,2011,LOOK005,4,W,82
LOOK005,0,2011,LOOK005,3,S,85
LOOK005,0,2011,LOOK005,1,S,84
LOOK005,0,2011,LOOK005,3,W,69
LOOK005,0,2011,LOOK005,3,N,80
LOOK005,0,2011,LOOK005,3,E,82
LOOK005,0,2011,LOOK005,4,S,79
LOOK005,0,2011,LOOK005,1,W,78
LOOK005,0,2011,LOOK005,1,N,76
LOOK005,0,2011,LOOK005,2,E,90
LOOK005,-1,2011,LOOK005Q,4,S,86
LOOK005,-1,2011,LOOK005Q,2,E,95
LOOK005,-1,2011,LOOK005Q,1,W,87
LOOK005,-1,2011,LOOK005Q,4,E,87
LOOK005,-1,2011,LOOK005Q,3,E,93
LOOK005,-1,2011,LOOK005Q,4,W,85
LOOK005,-1,2011,LOOK005Q,2,N,72
LOOK005,-1,2011,LOOK005Q,2,W,90
LOOK005,-1,2011,LOOK005Q,2,S,95
LOOK005,-1,2011,LOOK005Q,1,S,80
LOOK005,-1,2011,LOOK005Q,3,W,73
LOOK005,-1,2011,LOOK005Q,4,N,80
LOOK005,-1,2011,LOOK005Q,3,S,91
LOOK005,-1,2011,LOOK005Q,1,E,84
LOOK005,-1,2011,LOOK005Q,1,N,83
LOOK005,-1,2011,LOOK005Q,3,N,81
LOOK013,0,2013,LOOK013,1,S,84
LOOK013,0,2013,LOOK013,4,N,75
LOOK013,0,2013,LOOK013,3,W,70
LOOK013,0,2013,LOOK013,3,S,91
LOOK013,0,2013,LOOK013,1,E,86
LOOK013,0,2013,LOOK013,1,W,90
LOOK013,0,2013,LOOK013,1,N,84
LOOK013,0,2013,LOOK013,2,N,89
LOOK013,0,2013,LOOK013,2,E,85
LOOK013,0,2013,LOOK013,4,W,82
LOOK013,0,2013,LOOK013,4,E,88
LOOK013,0,2013,LOOK013,2,S,87
LOOK013,0,2013,LOOK013,3,N,86
LOOK013,0,2013,LOOK013,4,S,91
LOOK013,0,2013,LOOK013,3,E,92
LOOK013,0,2013,LOOK013,2,W,79
LOOK013,-1,2013,LOOK013Q,4,N,66
LOOK013,-1,2013,LOOK013Q,3,N,68
LOOK013,-1,2013,LOOK013Q,2,N,71
LOOK013,-1,2013,LOOK013Q,1,N,53
LOOK013,-1,2013,LOOK013Q,1,S,59
LOOK013,-1,2013,LOOK013Q,4,S,60
LOOK013,-1,2013,LOOK013Q,2,E,65
LOOK013,-1,2013,LOOK013Q,3,E,75
LOOK013,-1,2013,LOOK013Q,1,E,64
LOOK013,-1,2013,LOOK013Q,4,W,65
LOOK013,-1,2013,LOOK013Q,2,S,62
LOOK013,-1,2013,LOOK013Q,4,E,68
LOOK013,-1,2013,LOOK013Q,2,W,63
LOOK013,-1,2013,LOOK013Q,3,W,65
LOOK013,-1,2013,LOOK013Q,1,W,63
LOOK013,-1,2013,LOOK013Q,3,S,80
MACA027,0,2013,MACA027,2,E,87
MACA027,0,2013,MACA027,3,E,79
MACA027,0,2013,MACA027,1,E,80
MACA027,0,2013,MACA027,1,W,91
MACA027,0,2013,MACA027,4,N,90
MACA027,0,2013,MACA027,2,N,92
MACA027,0,2013,MACA027,1,N,81
MACA027,0,2013,MACA027,1,S,89
MACA027,0,2013,MACA027,3,S,88
MACA027,0,2013,MACA027,4,S,85
MACA027,0,2013,MACA027,4,W,89
MACA027,0,2013,MACA027,2,S,83
MACA027,0,2013,MACA027,3,W,91
MACA027,0,2013,MACA027,4,E,82
MACA027,0,2013,MACA027,2,W,91
MACA027,0,2013,MACA027,3,N,89
MACA027,-1,2013,MACA027Q,3,N,88
MACA027,-1,2013,MACA027Q,3,W,86
MACA027,-1,2013,MACA027Q,3,E,91
MACA027,-1,2013,MACA027Q,1,N,85
MACA027,-1,2013,MACA027Q,2,S,87
MACA027,-1,2013,MACA027Q,4,N,87
MACA027,-1,2013,MACA027Q,2,E,90
MACA027,-1,2013,MACA027Q,4,E,84
MACA027,-1,2013,MACA027Q,2,N,89
MACA027,-1,2013,MACA027Q,1,W,89
MACA027,-1,2013,MACA027Q,4,S,82
MACA027,-1,2013,MACA027Q,2,W,88
MACA027,-1,2013,MACA027Q,1,E,90
MACA027,-1,2013,MACA027Q,4,W,83
MACA027,-1,2013,MACA027Q,1,S,89
MACA027,-1,2013,MACA027Q,3,S,83
MACA018,0,2013,MACA018,2,E,84
MACA018,0,2013,MACA018,1,E,89
MACA018,0,2013,MACA018,3,N,86
MACA018,0,2013,MACA018,1,N,89
MACA018,0,2013,MACA018,1,W,84
MACA018,0,2013,MACA018,3,W,91
MACA018,0,2013,MACA018,2,W,91
MACA018,0,2013,MACA018,3,S,91
MACA018,0,2013,MACA018,4,N,89
MACA018,0,2013,MACA018,4,E,85
MACA018,0,2013,MACA018,4,W,87
MACA018,0,2013,MACA018,2,S,92
MACA018,0,2013,MACA018,2,N,85
MACA018,0,2013,MACA018,4,S,91
MACA018,0,2013,MACA018,3,E,84
MACA018,0,2013,MACA018,1,S,93
MACA018,-1,2013,MACA018Q,2,S,91
MACA018,-1,2013,MACA018Q,1,S,91
MACA018,-1,2013,MACA018Q,1,N,94
MACA018,-1,2013,MACA018Q,4,S,89
MACA018,-1,2013,MACA018Q,2,E,93
MACA018,-1,2013,MACA018Q,4,N,92
MACA018,-1,2013,MACA018Q,1,W,88
MACA018,-1,2013,MACA018Q,2,N,92
MACA018,-1,2013,MACA018Q,2,W,89
MACA018,-1,2013,MACA018Q,3,W,91
MACA018,-1,2013,MACA018Q,3,S,91
MACA018,-1,2013,MACA018Q,4,W,90
MACA018,-1,2013,MACA018Q,3,N,87
MACA018,-1,2013,MACA018Q,4,E,89
MACA018,-1,2013,MACA018Q,3,E,87
MACA018,-1,2013,MACA018Q,1,E,93
LOOK006,-1,2017,LOOK006Q,1,N,88
LOOK006,-1,2017,LOOK006Q,1,E,90
LOOK006,-1,2017,LOOK006Q,1,S,82
LOOK006,-1,2017,LOOK006Q,1,W,90
LOOK006,-1,2017,LOOK006Q,2,N,93
LOOK006,-1,2017,LOOK006Q,2,E,94
LOOK006,-1,2017,LOOK006Q,2,S,87
LOOK006,-1,2017,LOOK006Q,2,W,87
LOOK006,-1,2017,LOOK006Q,3,N,92
LOOK006,-1,2017,LOOK006Q,3,E,86
LOOK006,-1,2017,LOOK006Q,3,S,91
LOOK006,-1,2017,LOOK006Q,3,W,91
LOOK006,-1,2017,LOOK006Q,4,N,91
LOOK006,-1,2017,LOOK006Q,4,E,85
LOOK006,-1,2017,LOOK006Q,4,S,81
LOOK006,-1,2017,LOOK006Q,4,W,92
LOOK006,0,2017,LOOK006,1,N,83
LOOK006,0,2017,LOOK006,1,E,91
LOOK006,0,2017,LOOK006,1,S,84
LOOK006,0,2017,LOOK006,1,W,90
LOOK006,0,2017,LOOK006,2,N,90
LOOK006,0,2017,LOOK006,2,E,93
LOOK006,0,2017,LOOK006,2,S,87
LOOK006,0,2017,LOOK006,2,W,92
LOOK006,0,2017,LOOK006,3,N,94
LOOK006,0,2017,LOOK006,3,E,86
LOOK006,0,2017,LOOK006,3,S,96
LOOK006,0,2017,LOOK006,3,W,92
LOOK006,0,2017,LOOK006,4,N,88
LOOK006,0,2017,LOOK006,4,E,96
LOOK006,0,2017,LOOK006,4,S,96
LOOK006,0,2017,LOOK006,4,W,92
CHIC009,0,2017,CHIC009,1,N,85
CHIC009,0,2017,CHIC009,1,E,84
CHIC009,0,2017,CHIC009,1,S,89
CHIC009,0,2017,CHIC009,1,W,81
CHIC009,0,2017,CHIC009,2,N,86
CHIC009,0,2017,CHIC009,2,E,93
CHIC009,0,2017,CHIC009,2,S,90
CHIC009,0,2017,CHIC009,2,W,83
CHIC009,0,2017,CHIC009,3,N,82
CHIC009,0,2017,CHIC009,3,E,88
CHIC009,0,2017,CHIC009,3,S,86
CHIC009,0,2017,CHIC009,3,W,90
CHIC009,0,2017,CHIC009,4,N,94
CHIC009,0,2017,CHIC009,4,E,89
CHIC009,0,2017,CHIC009,4,S,78
CHIC009,0,2017,CHIC009,4,W,91
CHIC009,-1,2017,CHIC009Q,1,N,82
CHIC009,-1,2017,CHIC009Q,1,E,84
CHIC009,-1,2017,CHIC009Q,1,S,68
CHIC009,-1,2017,CHIC009Q,1,W,79
CHIC009,-1,2017,CHIC009Q,2,N,77
CHIC009,-1,2017,CHIC009Q,2,E,83
CHIC009,-1,2017,CHIC009Q,2,S,84
CHIC009,-1,2017,CHIC009Q,2,W,73
CHIC009,-1,2017,CHIC009Q,3,N,84
CHIC009,-1,2017,CHIC009Q,3,E,92
CHIC009,-1,2017,CHIC009Q,3,S,79
CHIC009,-1,2017,CHIC009Q,3,W,84
CHIC009,-1,2017,CHIC009Q,4,N,87
CHIC009,-1,2017,CHIC009Q,4,E,87
CHIC009,-1,2017,CHIC009Q,4,S,66
CHIC009,-1,2017,CHIC009Q,4,W,77
MACA012,-1,2017,MACA012Q,1,N,95
MACA012,-1,2017,MACA012Q,1,E,91
MACA012,-1,2017,MACA012Q,1,S,95
MACA012,-1,2017,MACA012Q,1,W,92
MACA012,-1,2017,MACA012Q,2,N,90
MACA012,-1,2017,MACA012Q,2,E,91
MACA012,-1,2017,MACA012Q,2,S,93
MACA012,-1,2017,MACA012Q,2,W,95
MACA012,-1,2017,MACA012Q,3,N,90
MACA012,-1,2017,MACA012Q,3,E,90
MACA012,-1,2017,MACA012Q,3,S,89
MACA012,-1,2017,MACA012Q,3,W,95
MACA012,-1,2017,MACA012Q,4,N,94
MACA012,-1,2017,MACA012Q,4,E,95
MACA012,-1,2017,MACA012Q,4,S,92
MACA012,-1,2017,MACA012Q,4,W,94
MACA012,0,2017,MACA012,1,N,82
MACA012,0,2017,MACA012,1,E,89
MACA012,0,2017,MACA012,1,S,88
MACA012,0,2017,MACA012,1,W,82
MACA012,0,2017,MACA012,2,N,84
MACA012,0,2017,MACA012,2,E,85
MACA012,0,2017,MACA012,2,S,78
MACA012,0,2017,MACA012,2,W,79
MACA012,0,2017,MACA012,3,N,81
MACA012,0,2017,MACA012,3,E,84
MACA012,0,2017,MACA012,3,S,83
MACA012,0,2017,MACA012,3,W,88
MACA012,0,2017,MACA012,4,N,87
MACA012,0,2017,MACA012,4,E,85
MACA012,0,2017,MACA012,4,S,84
MACA012,0,2017,MACA012,4,W,85
MACA009,0,2017,MACA009,1,N,91
MACA009,0,2017,MACA009,1,E,82
MACA009,0,2017,MACA009,1,S,85
MACA009,0,2017,MACA009,1,W,89
MACA009,0,2017,MACA009,2,N,94
MACA009,0,2017,MACA009,2,E,89
MACA009,0,2017,MACA009,2,S,85
MACA009,0,2017,MACA009,2,W,93
MACA009,0,2017,MACA009,3,N,94
MACA009,0,2017,MACA009,3,E,91
MACA009,0,2017,MACA009,3,S,91
MACA009,0,2017,MACA009,3,W,92
MACA009,0,2017,MACA009,4,N,95
MACA009,0,2017,MACA009,4,E,96
MACA009,0,2017,MACA009,4,S,91
MACA009,0,2017,MACA009,4,W,92
MACA009,-1,2017,MACA009Q,1,N,90
MACA009,-1,2017,MACA009Q,1,E,90
MACA009,-1,2017,MACA009Q,1,S,92
MACA009,-1,2017,MACA009Q,1,W,89
MACA009,-1,2017,MACA009Q,2,N,92
MACA009,-1,2017,MACA009Q,2,E,89
MACA009,-1,2017,MACA009Q,2,S,88
MACA009,-1,2017,MACA009Q,2,W,83
MACA009,-1,2017,MACA009Q,3,N,88
MACA009,-1,2017,MACA009Q,3,E,88
MACA009,-1,2017,MACA009Q,3,S,89
MACA009,-1,2017,MACA009Q,3,W,87
MACA009,-1,2017,MACA009Q,4,N,89
MACA009,-1,2017,MACA009Q,4,E,91
MACA009,-1,2017,MACA009Q,4,S,88
MACA009,-1,2017,MACA009Q,4,W,89
MACA061,-1,2017,MACA061Q,1,E,84
MACA061,-1,2017,MACA061Q,1,S,85
MACA061,-1,2017,MACA061Q,1,W,89
MACA061,-1,2017,MACA061Q,2,N,86
MACA061,-1,2017,MACA061Q,2,E,85
MACA061,-1,2017,MACA061Q,2,S,89
MACA061,-1,2017,MACA061Q,2,W,91
MACA061,-1,2017,MACA061Q,3,N,91
MACA061,-1,2017,MACA061Q,3,E,91
MACA061,-1,2017,MACA061Q,3,S,88
MACA061,-1,2017,MACA061Q,3,W,92
MACA061,-1,2017,MACA061Q,4,N,91
MACA061,-1,2017,MACA061Q,4,E,91
MACA061,-1,2017,MACA061Q,4,S,88
MACA061,-1,2017,MACA061Q,4,W,89
MACA061,-1,2017,MACA061Q,1,N,85
MACA061,0,2017,MACA061,1,N,93
MACA061,0,2017,MACA061,1,E,95
MACA061,0,2017,MACA061,1,S,95
MACA061,0,2017,MACA061,1,W,94
MACA061,0,2017,MACA061,2,N,95
MACA061,0,2017,MACA061,2,E,94
MACA061,0,2017,MACA061,2,S,94
MACA061,0,2017,MACA061,2,W,92
MACA061,0,2017,MACA061,3,N,94
MACA061,0,2017,MACA061,3,E,94
MACA061,0,2017,MACA061,3,S,92
MACA061,0,2017,MACA061,3,W,95
MACA061,0,2017,MACA061,4,N,94
MACA061,0,2017,MACA061,4,E,91
MACA061,0,2017,MACA061,4,S,96
MACA061,0,2017,MACA061,4,W,94
MACA060,0,2017,MACA060,1,N,86
MACA060,0,2017,MACA060,1,E,84
MACA060,0,2017,MACA060,1,S,91
MACA060,0,2017,MACA060,1,W,87
MACA060,0,2017,MACA060,2,N,86
MACA060,0,2017,MACA060,2,E,92
MACA060,0,2017,MACA060,2,S,92
MACA060,0,2017,MACA060,2,W,89
MACA060,0,2017,MACA060,3,N,88
MACA060,0,2017,MACA060,3,E,93
MACA060,0,2017,MACA060,3,S,91
MACA060,0,2017,MACA060,3,W,87
MACA060,0,2017,MACA060,4,N,87
MACA060,0,2017,MACA060,4,E,89
MACA060,0,2017,MACA060,4,S,93
MACA060,0,2017,MACA060,4,W,89
MACA060,-1,2017,MACA060Q,1,N,92
MACA060,-1,2017,MACA060Q,1,E,94
MACA060,-1,2017,MACA060Q,1,S,95
MACA060,-1,2017,MACA060Q,1,W,94
MACA060,-1,2017,MACA060Q,2,N,91
MACA060,-1,2017,MACA060Q,2,E,93
MACA060,-1,2017,MACA060Q,2,S,90
MACA060,-1,2017,MACA060Q,2,W,92
MACA060,-1,2017,MACA060Q,3,N,94
MACA060,-1,2017,MACA060Q,3,E,95
MACA060,-1,2017,MACA060Q,3,S,92
MACA060,-1,2017,MACA060Q,3,W,94
MACA060,-1,2017,MACA060Q,4,N,95
MACA060,-1,2017,MACA060Q,4,E,93
MACA060,-1,2017,MACA060Q,4,S,94
MACA060,-1,2017,MACA060Q,4,W,93